"Szenario";"Type";"Age";"Min";"Q1";"Median";"Mean";"Q3";"Max";"SD";"UCB_95";"Mean_Exp_Age"
"1";"all";"35";"0";"5645";"7950";"11452.34";"9455";"86880";"13108.79";"44365";"84.37"
"1";"control";"35";"0";"2480";"5160";"4429.28";"6480";"7920";"2477.47";"7440";"84.37"
"1";"perio";"35";"0";"0";"0";"2726.01";"0";"63400";"9050.02";"27040";"84.37"
"1";"disease";"35";"0";"1215";"1680";"4297.05";"2040";"39600";"6945.68";"21120";"84.37"
"1";"all";"36";"0";"5565";"7800";"11242.08";"9300";"91440";"12861.26";"43615";"84.39"
"1";"control";"36";"0";"2480";"5040";"4360.5";"6360";"7800";"2431.04";"7320";"84.39"
"1";"perio";"36";"0";"0";"0";"2678.07";"0";"68160";"8893.84";"26560";"84.39"
"1";"disease";"36";"0";"1200";"1650";"4203.51";"2010";"39000";"6777.66";"20535";"84.39"
"1";"all";"37";"0";"5400";"7650";"10955.07";"9135";"83840";"12550.85";"42325";"84.42"
"1";"control";"37";"0";"2440";"4920";"4284.47";"6240";"7680";"2392.19";"7320";"84.42"
"1";"perio";"37";"0";"0";"0";"2577.59";"0";"61280";"8659.36";"25720";"84.42"
"1";"disease";"37";"0";"1170";"1620";"4093";"1965";"38400";"6648.53";"20115";"84.42"
"1";"all";"38";"0";"5295";"7485";"10696.93";"8955";"82080";"12294.59";"41440";"84.38"
"1";"control";"38";"0";"2400";"4800";"4209.48";"6120";"7560";"2346.94";"7200";"84.38"
"1";"perio";"38";"0";"0";"0";"2523.71";"0";"59680";"8504.65";"25120";"84.38"
"1";"disease";"38";"0";"1140";"1575";"3963.74";"1920";"37800";"6456.67";"19680";"84.38"
"1";"all";"39";"0";"5160";"7335";"10460.32";"8790";"82645";"12032.95";"40420.25";"84.41"
"1";"control";"39";"0";"2400";"4760";"4135.96";"6000";"7440";"2302.32";"7080";"84.41"
"1";"perio";"39";"0";"0";"0";"2448.04";"0";"60640";"8324.94";"24640";"84.41"
"1";"disease";"39";"0";"1110";"1545";"3876.32";"1890";"37200";"6317.54";"19260.25";"84.41"
"1";"all";"40";"0";"5055";"7185";"10155.25";"8595";"81520";"11696.95";"39040";"84.45"
"1";"control";"40";"0";"2360";"4680";"4071.94";"6000";"7320";"2259.4";"6960";"84.45"
"1";"perio";"40";"0";"0";"0";"2333.88";"0";"59680";"8069.86";"23560";"84.45"
"1";"disease";"40";"0";"1080";"1515";"3749.44";"1845";"36600";"6164.68";"18810";"84.45"
"1";"all";"41";"0";"4920";"7035";"9904.76";"8445";"80800";"11423.05";"37915.25";"84.53"
"1";"control";"41";"0";"2320";"4560";"4000.93";"5880";"7200";"2217.79";"6840";"84.53"
"1";"perio";"41";"0";"0";"0";"2255.74";"0";"59320";"7886.01";"22680";"84.53"
"1";"disease";"41";"0";"1050";"1485";"3648.09";"1800";"36000";"6013.99";"18420.25";"84.53"
"1";"all";"42";"0";"4800";"6885";"9654.32";"8265";"79200";"11158.97";"36680.25";"84.52"
"1";"control";"42";"0";"2280";"4440";"3917.25";"5760";"7080";"2177.88";"6720";"84.52"
"1";"perio";"42";"0";"0";"0";"2183.18";"0";"58080";"7697.43";"22040";"84.52"
"1";"disease";"42";"0";"1035";"1440";"3553.89";"1770";"35400";"5878.02";"17880";"84.52"
"1";"all";"43";"0";"4665";"6735";"9416.3";"8115";"82000";"10923.97";"36035.25";"84.53"
"1";"control";"43";"0";"2240";"4400";"3843.19";"5640";"6960";"2136.11";"6600";"84.53"
"1";"perio";"43";"0";"0";"0";"2132.86";"0";"61240";"7549.59";"21600";"84.53"
"1";"disease";"43";"0";"1005";"1410";"3440.24";"1725";"34800";"5716.18";"17520";"84.53"
"1";"all";"44";"0";"4555";"6585";"9161.86";"7935";"75120";"10609.7";"34505.25";"84.55"
"1";"control";"44";"0";"2200";"4320";"3765.68";"5520";"6840";"2092.43";"6480";"84.55"
"1";"perio";"44";"0";"0";"0";"2040.76";"0";"55920";"7312.57";"20480";"84.55"
"1";"disease";"44";"0";"975";"1380";"3355.42";"1695";"34200";"5594.3";"17160";"84.55"
"1";"all";"45";"0";"4415";"6420";"8940.49";"7770";"75280";"10402.42";"33820";"84.59"
"1";"control";"45";"0";"2160";"4200";"3684.47";"5400";"6720";"2053.68";"6360";"84.59"
"1";"perio";"45";"0";"0";"0";"1989.5";"0";"55240";"7175.24";"20080";"84.59"
"1";"disease";"45";"0";"945";"1350";"3266.52";"1650";"33600";"5461.33";"16800";"84.59"
"1";"all";"46";"0";"4305";"6285";"8719.48";"7605";"74560";"10173.84";"33130.25";"84.66"
"1";"control";"46";"0";"2160";"4080";"3622.92";"5280";"6600";"2010.66";"6240";"84.66"
"1";"perio";"46";"0";"0";"0";"1946.19";"0";"54880";"7044.4";"19600";"84.66"
"1";"disease";"46";"0";"915";"1320";"3150.37";"1620";"33000";"5277.8";"16155";"84.66"
"1";"all";"47";"0";"4170";"6120";"8442.41";"7440";"75600";"9823.18";"31800";"84.65"
"1";"control";"47";"0";"2040";"3960";"3535.86";"5160";"6480";"1970.54";"6120";"84.65"
"1";"perio";"47";"0";"0";"0";"1848.37";"0";"56280";"6766.41";"18680";"84.65"
"1";"disease";"47";"0";"885";"1275";"3058.17";"1575";"32400";"5153.8";"15765";"84.65"
"1";"all";"48";"0";"4065";"5970";"8237.81";"7286.25";"74000";"9642.29";"31040";"84.72"
"1";"control";"48";"0";"2040";"3960";"3456.42";"5040";"6360";"1932.29";"6000";"84.72"
"1";"perio";"48";"0";"0";"0";"1804.97";"0";"55040";"6655.92";"18160";"84.72"
"1";"disease";"48";"0";"855";"1245";"2976.42";"1545";"31800";"5022.29";"15405";"84.72"
"1";"all";"49";"0";"3945";"5820";"7987.76";"7110";"69760";"9344.35";"29685.25";"84.81"
"1";"control";"49";"0";"1960";"3840";"3379.72";"4920";"6240";"1893.6";"5880";"84.81"
"1";"perio";"49";"0";"0";"0";"1716.58";"0";"51440";"6427.57";"16960";"84.81"
"1";"disease";"49";"0";"840";"1215";"2891.46";"1515";"31200";"4916.06";"15050";"84.81"
"1";"all";"50";"0";"3820";"5670";"7765.14";"6945";"70120";"9132.5";"28880";"84.84"
"1";"control";"50";"0";"1920";"3720";"3301.76";"4800";"6120";"1849.7";"5760";"84.84"
"1";"perio";"50";"0";"0";"0";"1673.17";"0";"52240";"6294.72";"16680";"84.84"
"1";"disease";"50";"0";"810";"1185";"2790.22";"1470";"30600";"4754.85";"14640";"84.84"
"1";"all";"51";"0";"3690";"5520";"7508.05";"6795";"66720";"8816.46";"27600";"84.9"
"1";"control";"51";"0";"1840";"3600";"3227.52";"4680";"6000";"1813.07";"5640";"84.9"
"1";"perio";"51";"0";"0";"0";"1584.58";"0";"49200";"6061.89";"15520";"84.9"
"1";"disease";"51";"0";"780";"1155";"2695.94";"1440";"30000";"4622.49";"14280";"84.9"
"1";"all";"52";"0";"3585";"5385";"7270.12";"6630";"66720";"8521.63";"26475";"84.99"
"1";"control";"52";"0";"1800";"3560";"3151.23";"4560";"5880";"1772.15";"5520";"84.99"
"1";"perio";"52";"0";"0";"0";"1504.78";"0";"49200";"5843.23";"14400";"84.99"
"1";"disease";"52";"0";"750";"1110";"2614.11";"1395";"29400";"4491.15";"13875";"84.99"
"1";"all";"53";"0";"3450";"5220";"7061.26";"6460";"67040";"8337.27";"25845.25";"85.02"
"1";"control";"53";"0";"1720";"3480";"3067.52";"4480";"5760";"1734.59";"5400";"85.02"
"1";"perio";"53";"0";"0";"0";"1466.42";"0";"50240";"5719.76";"13920";"85.02"
"1";"disease";"53";"0";"720";"1080";"2527.31";"1365";"28800";"4380.32";"13560";"85.02"
"1";"all";"54";"0";"3330";"5070";"6798.8";"6285";"63520";"8027.15";"24640";"85.1"
"1";"control";"54";"0";"1680";"3360";"2994.09";"4440";"5640";"1692.55";"5280";"85.1"
"1";"perio";"54";"0";"0";"0";"1380.73";"0";"46720";"5493.89";"12880";"85.1"
"1";"disease";"54";"0";"690";"1050";"2423.98";"1320";"28200";"4225.8";"13085";"85.1"
"1";"all";"55";"0";"3210";"4935";"6629.29";"6120";"64560";"7865.43";"24000";"85.18"
"1";"control";"55";"0";"1640";"3240";"2916.19";"4320";"5520";"1654.58";"5160";"85.18"
"1";"perio";"55";"0";"0";"0";"1362.65";"0";"48120";"5393.56";"12720";"85.18"
"1";"disease";"55";"0";"675";"1020";"2350.45";"1290";"27600";"4108.26";"12795";"85.18"
"1";"all";"56";"0";"3090";"4785";"6384.27";"5970";"61200";"7573.11";"22960";"85.24"
"1";"control";"56";"0";"1560";"3120";"2836.68";"4200";"5400";"1618.07";"5040";"85.24"
"1";"perio";"56";"0";"0";"0";"1279.03";"0";"45120";"5174.1";"11640";"85.24"
"1";"disease";"56";"0";"645";"990";"2268.56";"1260";"27000";"3991.38";"12370";"85.24"
"1";"all";"57";"0";"2975";"4620";"6147.67";"5790";"59760";"7299.47";"21960";"85.32"
"1";"control";"57";"0";"1520";"3120";"2755.73";"4080";"5280";"1576.62";"4920";"85.32"
"1";"perio";"57";"0";"0";"0";"1217.06";"0";"44400";"4981.47";"10880";"85.32"
"1";"disease";"57";"0";"615";"945";"2174.89";"1215";"26400";"3844.14";"11790";"85.32"
"1";"all";"58";"0";"2850";"4485";"5960.76";"5650";"62120";"7110.19";"21275";"85.44"
"1";"control";"58";"0";"1440";"3000";"2674.38";"3960";"5160";"1542.48";"4800";"85.44"
"1";"perio";"58";"0";"0";"0";"1174.95";"0";"47480";"4846.63";"10400";"85.44"
"1";"disease";"58";"0";"585";"915";"2111.43";"1185";"25800";"3754.05";"11520";"85.44"
"1";"all";"59";"0";"2745";"4335";"5733.46";"5490";"57280";"6861.1";"20390.25";"85.51"
"1";"control";"59";"0";"1400";"2880";"2599.94";"3840";"5040";"1504.59";"4680";"85.51"
"1";"perio";"59";"0";"0";"0";"1115.14";"0";"42280";"4671.43";"9600";"85.51"
"1";"disease";"59";"0";"570";"885";"2018.39";"1140";"25200";"3619.64";"11095";"85.51"
"1";"all";"60";"0";"2655";"4200";"5543.54";"5340";"54800";"6611.72";"19440";"85.69"
"1";"control";"60";"0";"1320";"2760";"2527.43";"3720";"4920";"1467.36";"4560";"85.69"
"1";"perio";"60";"0";"0";"0";"1062.61";"0";"41360";"4487.88";"8880";"85.69"
"1";"disease";"60";"0";"540";"855";"1953.49";"1110";"24600";"3513.87";"10810.25";"85.69"
"1";"all";"61";"0";"2535";"4050";"5320.97";"5171.25";"54080";"6367.54";"18600";"85.77"
"1";"control";"61";"0";"1320";"2680";"2446.32";"3600";"4800";"1429.91";"4440";"85.77"
"1";"perio";"61";"0";"0";"0";"1005.98";"0";"39800";"4312.38";"8120";"85.77"
"1";"disease";"61";"0";"510";"825";"1868.68";"1080";"24000";"3385.88";"10320";"85.77"
"1";"all";"62";"0";"2415";"3900";"5112.01";"5010";"58640";"6143.76";"17835";"85.89"
"1";"control";"62";"0";"1200";"2640";"2363.63";"3480";"4680";"1393.61";"4320";"85.89"
"1";"perio";"62";"0";"0";"0";"951.66";"0";"44720";"4145.37";"7320";"85.89"
"1";"disease";"62";"0";"495";"795";"1796.72";"1035";"23400";"3289.2";"10065";"85.89"
"1";"all";"63";"0";"2310";"3750";"4921.91";"4845";"56160";"5938.3";"17270";"86.04"
"1";"control";"63";"0";"1200";"2520";"2288.14";"3360";"4560";"1354.8";"4200";"86.04"
"1";"perio";"63";"0";"0";"0";"914.23";"0";"42600";"3997.83";"6920";"86.04"
"1";"disease";"63";"0";"465";"765";"1719.54";"1005";"22800";"3173.32";"9640";"86.04"
"1";"all";"64";"0";"2205";"3620";"4728.54";"4695";"51920";"5723.28";"16400";"86.2"
"1";"control";"64";"0";"1080";"2400";"2208.68";"3240";"4440";"1321.9";"4080";"86.2"
"1";"perio";"64";"0";"0";"0";"864.14";"0";"38720";"3846.48";"6120";"86.2"
"1";"disease";"64";"0";"435";"735";"1655.71";"960";"22200";"3080.59";"9320";"86.2"
"1";"all";"65";"0";"1500";"3465";"5891.34";"4920";"54720";"8155.43";"26720";"86.38"
"1";"control";"65";"0";"0";"1680";"1661.06";"3000";"4320";"1438.39";"3960";"86.38"
"1";"perio";"65";"0";"0";"0";"1943.89";"0";"41880";"5706.29";"17680";"86.38"
"1";"disease";"65";"0";"300";"690";"2286.39";"1035";"21600";"3960.29";"11520";"86.38"
"1";"all";"66";"0";"1425";"3315";"5617.79";"4740";"50480";"7811.46";"25680";"86.5"
"1";"control";"66";"0";"0";"1640";"1606.68";"2880";"4200";"1391.6";"3840";"86.5"
"1";"perio";"66";"0";"0";"0";"1838.94";"0";"38320";"5460.01";"16800";"86.5"
"1";"disease";"66";"0";"285";"660";"2172.17";"990";"21000";"3794.82";"11040";"86.5"
"1";"all";"67";"0";"1340";"3165";"5373.39";"4560";"50080";"7517.67";"24560";"86.64"
"1";"control";"67";"0";"0";"1560";"1544.58";"2760";"4080";"1344.59";"3720";"86.64"
"1";"perio";"67";"0";"0";"0";"1758.22";"0";"38680";"5255.43";"16240";"86.64"
"1";"disease";"67";"0";"270";"630";"2070.58";"960";"20400";"3642.62";"10680";"86.64"
"1";"all";"68";"0";"1300";"3045";"5177.14";"4410";"48320";"7261.3";"23680";"86.83"
"1";"control";"68";"0";"0";"1480";"1492.52";"2640";"3960";"1300.13";"3600";"86.83"
"1";"perio";"68";"0";"0";"0";"1704.6";"0";"36920";"5081.9";"15560";"86.83"
"1";"disease";"68";"0";"255";"615";"1980.02";"930";"19800";"3488.4";"10320";"86.83"
"1";"all";"69";"0";"1215";"2910";"4946.46";"4260";"48480";"6968.68";"22640";"87.04"
"1";"control";"69";"0";"0";"1440";"1436.08";"2520";"3840";"1258.36";"3480";"87.04"
"1";"perio";"69";"0";"0";"0";"1623.34";"0";"37440";"4876.48";"14880";"87.04"
"1";"disease";"69";"0";"240";"585";"1887.03";"900";"19200";"3343.99";"9960";"87.04"
"1";"all";"70";"0";"1170";"2775";"4715.75";"4080";"44960";"6699.65";"21760";"87.21"
"1";"control";"70";"0";"0";"1320";"1382.22";"2400";"3720";"1211.07";"3360";"87.21"
"1";"perio";"70";"0";"0";"0";"1544.2";"0";"33920";"4693.35";"14320";"87.21"
"1";"disease";"70";"0";"240";"555";"1789.32";"855";"18600";"3200.49";"9600";"87.21"
"1";"all";"71";"0";"1065";"2655";"4514.54";"3930";"46880";"6451.75";"20680";"87.4"
"1";"control";"71";"0";"0";"1320";"1320.88";"2360";"3600";"1167.86";"3240";"87.4"
"1";"perio";"71";"0";"0";"0";"1487.02";"0";"36200";"4518.69";"13720";"87.4"
"1";"disease";"71";"0";"210";"540";"1706.65";"825";"18000";"3064.39";"9000";"87.4"
"1";"all";"72";"0";"1020";"2520";"4261.1";"3750";"41760";"6132.32";"19600";"87.63"
"1";"control";"72";"0";"0";"1200";"1272.33";"2280";"3480";"1124.57";"3120";"87.63"
"1";"perio";"72";"0";"0";"0";"1383.46";"0";"31600";"4287.54";"12880";"87.63"
"1";"disease";"72";"0";"195";"510";"1605.31";"795";"17400";"2920.57";"8520";"87.63"
"1";"all";"73";"0";"960";"2400";"4084.66";"3600";"40480";"5897.15";"18920";"87.88"
"1";"control";"73";"0";"0";"1200";"1222.22";"2160";"3360";"1080.71";"3000";"87.88"
"1";"perio";"73";"0";"0";"0";"1340.47";"0";"31240";"4134.39";"12400";"87.88"
"1";"disease";"73";"0";"195";"480";"1521.96";"765";"16800";"2773.52";"8160";"87.88"
"1";"all";"74";"0";"900";"2250";"3813.73";"3420";"39440";"5555.55";"17680";"88.07"
"1";"control";"74";"0";"0";"1080";"1169.9";"2040";"3240";"1034.82";"2880";"88.07"
"1";"perio";"74";"0";"0";"0";"1231.2";"0";"29840";"3891.21";"11600";"88.07"
"1";"disease";"74";"0";"180";"450";"1412.63";"720";"16200";"2610.66";"7800";"88.07"
"1";"all";"75";"0";"885";"2160";"3712.8";"3300";"37640";"5408.86";"17280";"88.37"
"1";"control";"75";"0";"0";"1080";"1115.92";"1920";"3120";"993.11";"2760";"88.37"
"1";"perio";"75";"0";"0";"0";"1226.34";"0";"28760";"3801.67";"11360";"88.37"
"1";"disease";"75";"0";"180";"435";"1370.54";"690";"15600";"2512.44";"7440";"88.37"
"1";"all";"76";"0";"780";"2025";"3463.91";"3135";"38000";"5087.65";"16000";"88.65"
"1";"control";"76";"0";"0";"960";"1062.13";"1880";"3000";"952.51";"2640";"88.65"
"1";"perio";"76";"0";"0";"0";"1126.11";"0";"29120";"3560.34";"10520";"88.65"
"1";"disease";"76";"0";"165";"405";"1275.67";"660";"15000";"2382.62";"7080";"88.65"
"1";"all";"77";"0";"750";"1920";"3291.82";"3000";"35520";"4867.48";"15120";"88.87"
"1";"control";"77";"0";"0";"960";"1003.12";"1800";"2880";"909.1";"2520";"88.87"
"1";"perio";"77";"0";"0";"0";"1076.11";"0";"27000";"3417.5";"10000";"88.87"
"1";"disease";"77";"0";"150";"390";"1212.59";"630";"14400";"2260.16";"6720";"88.87"
"1";"all";"78";"0";"630";"1785";"3063.8";"2835";"33920";"4581.62";"14080";"89.13"
"1";"control";"78";"0";"0";"840";"950.22";"1680";"2760";"867.08";"2520";"89.13"
"1";"perio";"78";"0";"0";"0";"997.68";"0";"25760";"3217.97";"9280";"89.13"
"1";"disease";"78";"0";"135";"360";"1115.9";"600";"13800";"2107.74";"6360";"89.13"
"1";"all";"79";"0";"615";"1665";"2880.72";"2685";"36280";"4335.26";"13200";"89.43"
"1";"control";"79";"0";"0";"840";"899.57";"1560";"2640";"822.19";"2400";"89.43"
"1";"perio";"79";"0";"0";"0";"934.43";"0";"28840";"3036.88";"8600";"89.43"
"1";"disease";"79";"0";"120";"330";"1046.72";"570";"13200";"2000.25";"6000";"89.43"
"1";"all";"80";"0";"600";"1555";"2716.81";"2550";"32640";"4121.49";"12600";"89.78"
"1";"control";"80";"0";"0";"720";"847.48";"1440";"2520";"781.99";"2280";"89.78"
"1";"perio";"80";"0";"0";"0";"881.49";"0";"25560";"2888.43";"8240";"89.78"
"1";"disease";"80";"0";"120";"315";"987.83";"540";"12600";"1892.74";"5640";"89.78"
"1";"all";"81";"0";"555";"1440";"2516.97";"2400";"31760";"3858.07";"11600";"90.09"
"1";"control";"81";"0";"0";"720";"803.51";"1440";"2400";"742.02";"2160";"90.09"
"1";"perio";"81";"0";"0";"0";"810.01";"0";"24680";"2704.54";"7520";"90.09"
"1";"disease";"81";"0";"105";"285";"903.46";"510";"12000";"1761.79";"5280";"90.09"
"1";"all";"82";"0";"480";"1350";"2371.88";"2265";"28400";"3654.78";"11120";"90.48"
"1";"control";"82";"0";"0";"640";"754.04";"1320";"2280";"703.88";"2040";"90.48"
"1";"perio";"82";"0";"0";"0";"767.23";"0";"21680";"2563.03";"7040";"90.48"
"1";"disease";"82";"0";"90";"270";"850.62";"480";"11400";"1662.8";"4920";"90.48"
"1";"all";"83";"0";"450";"1230";"2189.99";"2100";"28560";"3393.9";"10160";"90.81"
"1";"control";"83";"0";"0";"600";"705.02";"1200";"2160";"662.25";"1920";"90.81"
"1";"perio";"83";"0";"0";"0";"704.38";"0";"22200";"2374.6";"6440";"90.81"
"1";"disease";"83";"0";"90";"255";"780.58";"450";"10800";"1545.56";"4560";"90.81"
"1";"all";"84";"0";"435";"1145";"2033.62";"1965";"25360";"3201.81";"9440";"91.21"
"1";"control";"84";"0";"0";"600";"658.35";"1080";"2040";"623.43";"1800";"91.21"
"1";"perio";"84";"0";"0";"0";"659.15";"0";"19720";"2251.5";"5960";"91.21"
"1";"disease";"84";"0";"75";"240";"716.11";"420";"10200";"1426.7";"4200";"91.21"
"1";"all";"85";"0";"405";"1050";"1891.56";"1845";"25360";"2991.95";"8801.5";"91.62"
"1";"control";"85";"0";"0";"480";"611.5";"1080";"1920";"586.28";"1680";"91.62"
"1";"perio";"85";"0";"0";"0";"607.71";"0";"19720";"2095.12";"5560";"91.62"
"1";"disease";"85";"0";"75";"210";"672.36";"390";"9600";"1352.78";"3840";"91.62"
"1";"all";"86";"0";"315";"955";"1729.59";"1710";"22880";"2749.26";"8000";"92.07"
"1";"control";"86";"0";"0";"480";"571.69";"960";"1800";"549.55";"1680";"92.07"
"1";"perio";"86";"0";"0";"0";"548.73";"0";"17600";"1923.05";"5040";"92.07"
"1";"disease";"86";"0";"60";"195";"609.17";"360";"9000";"1237.91";"3480";"92.07"
"1";"all";"87";"0";"300";"885";"1606.66";"1600";"23920";"2591.75";"7400";"92.54"
"1";"control";"87";"0";"0";"440";"529.04";"920";"1680";"514.56";"1560";"92.54"
"1";"perio";"87";"0";"0";"0";"517.59";"0";"19000";"1825.04";"4520";"92.54"
"1";"disease";"87";"0";"60";"180";"560.04";"345";"8400";"1142.5";"3200";"92.54"
"1";"all";"88";"0";"300";"780";"1472.76";"1485";"21440";"2379.13";"6720";"93.02"
"1";"control";"88";"0";"0";"360";"488.04";"840";"1560";"477.81";"1440";"93.02"
"1";"perio";"88";"0";"0";"0";"472.72";"0";"16880";"1673.17";"4160";"93.02"
"1";"disease";"88";"0";"60";"165";"512";"315";"7800";"1050.67";"3000";"93.02"
"1";"all";"89";"0";"285";"735";"1344.42";"1365";"20880";"2188.64";"6000";"93.56"
"1";"control";"89";"0";"0";"360";"453.67";"720";"1440";"445.69";"1320";"93.56"
"1";"perio";"89";"0";"0";"0";"422.63";"0";"17040";"1536.86";"3640";"93.56"
"1";"disease";"89";"0";"45";"150";"468.11";"285";"7200";"973.68";"2760";"93.56"
"1";"all";"90";"0";"270";"630";"1232.45";"1245";"19120";"2010.84";"5520";"94.11"
"1";"control";"90";"0";"0";"360";"418.47";"720";"1320";"412.15";"1320";"94.11"
"1";"perio";"90";"0";"0";"0";"389.57";"0";"15280";"1417.81";"3440";"94.11"
"1";"disease";"90";"0";"45";"135";"424.4";"270";"6600";"879.63";"2400";"94.11"
"1";"all";"91";"0";"165";"600";"1132.27";"1200";"20160";"1858.64";"5120";"94.71"
"1";"control";"91";"0";"0";"240";"385.16";"600";"1200";"381.1";"1200";"94.71"
"1";"perio";"91";"0";"0";"0";"356.66";"0";"16680";"1313.46";"3080";"94.71"
"1";"disease";"91";"0";"45";"120";"390.46";"240";"6000";"814.95";"2400";"94.71"
"1";"all";"92";"0";"165";"570";"1034.6";"1095";"15040";"1700.29";"4560";"95.33"
"1";"control";"92";"0";"0";"240";"353.91";"600";"1080";"350.22";"1080";"95.33"
"1";"perio";"92";"0";"0";"0";"326.22";"0";"12080";"1202.85";"2720";"95.33"
"1";"disease";"92";"0";"45";"120";"354.46";"240";"5400";"740.61";"2040";"95.33"
"1";"all";"93";"0";"165";"480";"946.68";"1035";"16080";"1551.81";"4240";"95.96"
"1";"control";"93";"0";"0";"240";"325.58";"600";"960";"318.9";"960";"95.96"
"1";"perio";"93";"0";"0";"0";"297.67";"0";"13320";"1104.09";"2560";"95.96"
"1";"disease";"93";"0";"30";"105";"323.43";"225";"4800";"673.08";"2040";"95.96"
"1";"all";"94";"0";"165";"465";"857.59";"930";"12720";"1393.92";"3680";"96.63"
"1";"control";"94";"0";"0";"240";"297.58";"480";"840";"287.92";"840";"96.63"
"1";"perio";"94";"0";"0";"0";"266.84";"0";"10320";"995.71";"2200";"96.63"
"1";"disease";"94";"0";"30";"90";"293.17";"195";"4200";"605.47";"1680";"96.63"
"1";"all";"95";"0";"150";"450";"775.58";"855";"12000";"1246.98";"3520";"97.29"
"1";"control";"95";"0";"0";"240";"271.76";"480";"720";"256.24";"720";"97.29"
"1";"perio";"95";"0";"0";"0";"242.14";"0";"9960";"899.31";"2200";"97.29"
"1";"disease";"95";"0";"30";"90";"261.69";"180";"3600";"533.32";"1680";"97.29"
"1";"all";"96";"0";"150";"435";"687.42";"735";"11280";"1077.91";"3000";"97.95"
"1";"control";"96";"0";"0";"240";"244.24";"480";"600";"222.62";"600";"97.95"
"1";"perio";"96";"0";"0";"0";"211.63";"0";"9600";"784.47";"1840";"97.95"
"1";"disease";"96";"0";"30";"90";"231.55";"150";"3000";"464.07";"1320";"97.95"
"1";"all";"97";"0";"150";"390";"599.61";"600";"9680";"913.09";"2640";"98.6"
"1";"control";"97";"0";"0";"240";"215.36";"360";"480";"187.19";"480";"98.6"
"1";"perio";"97";"0";"0";"0";"183.67";"0";"8360";"674.81";"1480";"98.6"
"1";"disease";"97";"0";"30";"75";"200.58";"135";"2400";"390.48";"1320";"98.6"
"1";"all";"98";"0";"150";"315";"498.14";"465";"8080";"731.64";"1920";"99.19"
"1";"control";"98";"0";"0";"120";"182.32";"360";"360";"147.65";"360";"99.19"
"1";"perio";"98";"0";"0";"0";"150.16";"0";"7120";"555.27";"1280";"99.19"
"1";"disease";"98";"0";"30";"60";"165.66";"105";"1800";"311.83";"960";"99.19"
"1";"all";"99";"0";"150";"285";"368.87";"315";"5600";"508.91";"1200";"99.68"
"1";"control";"99";"0";"0";"120";"140.01";"240";"240";"103.53";"240";"99.68"
"1";"perio";"99";"0";"0";"0";"107.44";"0";"5000";"399.07";"600";"99.68"
"1";"disease";"99";"0";"30";"45";"121.42";"75";"1200";"216.77";"600";"99.68"
"1";"all";"100";"0";"135";"150";"202.13";"165";"2240";"257.28";"600";"100"
"1";"control";"100";"0";"0";"120";"83.63";"120";"120";"55";"120";"100"
"1";"perio";"100";"0";"0";"0";"52.94";"0";"2000";"217.42";"240";"100"
"1";"disease";"100";"0";"15";"30";"65.56";"45";"600";"110.52";"240";"100"
"2";"all";"35";"0";"11140";"13820";"16517.66";"15580";"195900";"17880.04";"39510";"84.65"
"2";"control";"35";"0";"8300";"11450";"10118.45";"13100";"15900";"4083.42";"14650";"84.65"
"2";"perio";"35";"0";"0";"0";"3078.4";"0";"166350";"15037.35";"8700";"84.65"
"2";"disease";"35";"0";"1360";"1680";"3320.81";"1920";"49500";"6375.99";"18760";"84.65"
"2";"all";"36";"0";"10910";"13540";"16204.91";"15300";"186450";"17575.3";"38660";"84.67"
"2";"control";"36";"0";"8150";"11200";"9929.56";"12850";"15900";"4020.64";"14400";"84.67"
"2";"perio";"36";"0";"0";"0";"3021.58";"0";"157350";"14772.78";"8200";"84.67"
"2";"disease";"36";"0";"1340";"1640";"3253.77";"1880";"48750";"6267.73";"18590.5";"84.67"
"2";"all";"37";"0";"10620";"13250";"15785.37";"15000";"185820";"17117.52";"37320";"84.63"
"2";"control";"37";"0";"8000";"11000";"9745.13";"12600";"15450";"3939.8";"14150";"84.63"
"2";"perio";"37";"0";"0";"0";"2896.35";"0";"159550";"14373.22";"5800";"84.63"
"2";"disease";"37";"0";"1300";"1600";"3143.9";"1840";"48000";"6085.66";"17700";"84.63"
"2";"all";"38";"0";"10410";"13030";"15527.94";"14770";"186600";"16938.34";"36680";"84.7"
"2";"control";"38";"0";"7800";"10750";"9555.3";"12400";"15250";"3883.72";"13950";"84.7"
"2";"perio";"38";"0";"0";"0";"2874.69";"0";"158850";"14241.31";"6400";"84.7"
"2";"disease";"38";"0";"1280";"1580";"3097.95";"1800";"47250";"5976.28";"17530";"84.7"
"2";"all";"39";"0";"10140";"12750";"15187.86";"14490";"186700";"16520.26";"35650";"84.7"
"2";"control";"39";"0";"7600";"10550";"9372.32";"12150";"15000";"3809.48";"13700";"84.7"
"2";"perio";"39";"0";"0";"0";"2798.02";"0";"159850";"13896.04";"5200";"84.7"
"2";"disease";"39";"0";"1240";"1560";"3017.52";"1780";"46500";"5825.77";"16950";"84.7"
"2";"all";"40";"0";"9890";"12500";"14845.74";"14240";"174300";"16235.24";"34790";"84.72"
"2";"control";"40";"0";"7400";"10350";"9172.03";"11950";"14750";"3762.53";"13450";"84.72"
"2";"perio";"40";"0";"0";"0";"2724.01";"0";"147000";"13634.86";"3850";"84.72"
"2";"disease";"40";"0";"1200";"1520";"2949.7";"1740";"45750";"5734.13";"16650";"84.72"
"2";"all";"41";"0";"9640";"12230";"14423.15";"13960";"170550";"15691.38";"32800";"84.79"
"2";"control";"41";"0";"7250";"10100";"8993.27";"11700";"14450";"3699.97";"13250";"84.79"
"2";"perio";"41";"0";"0";"0";"2580.03";"0";"143700";"13165.09";"0";"84.79"
"2";"disease";"41";"0";"1180";"1480";"2849.86";"1700";"45000";"5550.91";"16050";"84.79"
"2";"all";"42";"0";"9437.5";"11950";"14027.74";"13680";"171600";"15174.48";"30790";"84.81"
"2";"control";"42";"0";"7100";"9900";"8833";"11500";"14250";"3615.16";"13000";"84.81"
"2";"perio";"42";"0";"0";"0";"2448.55";"0";"145650";"12720.84";"0";"84.81"
"2";"disease";"42";"0";"1140";"1440";"2746.2";"1680";"44250";"5358.54";"15230";"84.81"
"2";"all";"43";"0";"9160";"11670";"13720.95";"13390";"174450";"15005.11";"30170.5";"84.79"
"2";"control";"43";"0";"6900";"9700";"8620.72";"11250";"14200";"3561.02";"12750";"84.79"
"2";"perio";"43";"0";"0";"0";"2417.13";"0";"148500";"12572.96";"0";"84.79"
"2";"disease";"43";"0";"1120";"1420";"2683.09";"1640";"43500";"5255.8";"14870";"84.79"
"2";"all";"44";"0";"8890";"11430";"13386.01";"13110";"178350";"14592.71";"28770.5";"84.83"
"2";"control";"44";"0";"6700";"9450";"8444.17";"11000";"13850";"3488.64";"12550";"84.83"
"2";"perio";"44";"0";"0";"0";"2330.76";"0";"153300";"12225.05";"0";"84.83"
"2";"disease";"44";"0";"1080";"1380";"2611.08";"1600";"42750";"5118.92";"14360";"84.83"
"2";"all";"45";"0";"8670";"11150";"13045.65";"12830";"172650";"14227.14";"28200";"84.88"
"2";"control";"45";"0";"6550";"9250";"8252.38";"10800";"13550";"3432.34";"12300";"84.88"
"2";"perio";"45";"0";"0";"0";"2256.11";"0";"147600";"11912.01";"0";"84.88"
"2";"disease";"45";"0";"1060";"1360";"2537.16";"1560";"42000";"4993.03";"13970";"84.88"
"2";"all";"46";"0";"8440";"10920";"12749.62";"12600";"157500";"13980.15";"27190.5";"84.98"
"2";"control";"46";"0";"6350";"9050";"8079.43";"10600";"13300";"3367.26";"12100";"84.98"
"2";"perio";"46";"0";"0";"0";"2201.63";"0";"132900";"11711.4";"0";"84.98"
"2";"disease";"46";"0";"1020";"1320";"2468.56";"1540";"41250";"4870.86";"13430";"84.98"
"2";"all";"47";"0";"8160";"10630";"12349.95";"12300";"169450";"13505.95";"25440";"84.98"
"2";"control";"47";"0";"6150";"8800";"7890.83";"10350";"13100";"3295.46";"11850";"84.98"
"2";"perio";"47";"0";"0";"0";"2083.47";"0";"145750";"11282.89";"0";"84.98"
"2";"disease";"47";"0";"1000";"1280";"2375.65";"1500";"40500";"4701.87";"12800.5";"84.98"
"2";"all";"48";"0";"7950";"10370";"12065.89";"12030";"152850";"13213.15";"24870.5";"85.03"
"2";"control";"48";"0";"6000";"8600";"7702.44";"10100";"12850";"3239.71";"11600";"85.03"
"2";"perio";"48";"0";"0";"0";"2036.53";"0";"129150";"11037.02";"0";"85.03"
"2";"disease";"48";"0";"960";"1260";"2326.92";"1460";"39750";"4631.32";"12590";"85.03"
"2";"all";"49";"0";"7710";"10120";"11717.92";"11790";"154800";"12856.12";"23850.5";"85.04"
"2";"control";"49";"0";"5800";"8400";"7512.26";"9900";"12550";"3178.75";"11400";"85.04"
"2";"perio";"49";"0";"0";"0";"1955.44";"0";"131550";"10726.21";"0";"85.04"
"2";"disease";"49";"0";"940";"1220";"2250.22";"1440";"39000";"4475.6";"12060.5";"85.04"
"2";"all";"50";"0";"7440";"9890";"11375.42";"11500";"153900";"12484.26";"22500";"85.15"
"2";"control";"50";"0";"5650";"8150";"7332.19";"9650";"12400";"3116.76";"11150";"85.15"
"2";"perio";"50";"0";"0";"0";"1871.04";"0";"131100";"10423.97";"0";"85.15"
"2";"disease";"50";"0";"900";"1180";"2172.19";"1400";"38250";"4330.1";"11550";"85.15"
"2";"all";"51";"0";"7220";"9610";"11029.37";"11220";"155850";"12105.56";"21560.5";"85.18"
"2";"control";"51";"0";"5450";"7950";"7140.95";"9450";"12100";"3055.87";"10900";"85.18"
"2";"perio";"51";"0";"0";"0";"1784.59";"0";"133500";"10080.47";"0";"85.18"
"2";"disease";"51";"0";"880";"1160";"2103.82";"1360";"37500";"4224.82";"11050";"85.18"
"2";"all";"52";"0";"6990";"9320";"10705.1";"10930";"152100";"11823.95";"20420";"85.19"
"2";"control";"52";"0";"5300";"7750";"6953.5";"9200";"12050";"2991.64";"10700";"85.19"
"2";"perio";"52";"0";"0";"0";"1729.42";"0";"130200";"9852";"0";"85.19"
"2";"disease";"52";"0";"840";"1120";"2022.19";"1320";"36750";"4070.11";"10310.5";"85.19"
"2";"all";"53";"0";"6700";"9040";"10350.51";"10650";"142650";"11338.32";"19500";"85.23"
"2";"control";"53";"0";"5100";"7500";"6758.87";"8950";"11650";"2933.93";"10450";"85.23"
"2";"perio";"53";"0";"0";"0";"1632.93";"0";"121300";"9398.17";"0";"85.23"
"2";"disease";"53";"0";"800";"1080";"1958.72";"1300";"36000";"3969.72";"10010";"85.23"
"2";"all";"54";"0";"6490";"8810";"10062.83";"10410";"144100";"11097.5";"18750";"85.33"
"2";"control";"54";"0";"4900";"7300";"6572.6";"8750";"11450";"2874.9";"10250";"85.33"
"2";"perio";"54";"0";"0";"0";"1590.59";"0";"123100";"9206.82";"0";"85.33"
"2";"disease";"54";"0";"780";"1060";"1899.64";"1260";"35250";"3855.23";"9730";"85.33"
"2";"all";"55";"0";"6270";"8580";"9714.93";"10130";"131550";"10629.76";"17280";"85.46"
"2";"control";"55";"0";"4750";"7100";"6406.11";"8550";"11150";"2808.52";"10000";"85.46"
"2";"perio";"55";"0";"0";"0";"1485.98";"0";"112800";"8793.31";"0";"85.46"
"2";"disease";"55";"0";"760";"1020";"1822.85";"1220";"34500";"3707.73";"8990";"85.46"
"2";"all";"56";"0";"6040";"8300";"9443.32";"9890";"137500";"10443.37";"16970";"85.52"
"2";"control";"56";"0";"4600";"6900";"6208.18";"8300";"10950";"2761.58";"9800";"85.52"
"2";"perio";"56";"0";"0";"0";"1463.53";"0";"117400";"8640.55";"0";"85.52"
"2";"disease";"56";"0";"720";"1000";"1771.61";"1200";"33750";"3625.32";"8830";"85.52"
"2";"all";"57";"0";"5820";"8010";"9103.42";"9610";"141000";"10084.94";"15830";"85.53"
"2";"control";"57";"0";"4400";"6650";"6016.78";"8050";"10700";"2691.22";"9550";"85.53"
"2";"perio";"57";"0";"0";"0";"1383.84";"0";"121800";"8327.73";"0";"85.53"
"2";"disease";"57";"0";"700";"960";"1702.8";"1160";"33000";"3508.75";"8400";"85.53"
"2";"all";"58";"0";"5560";"7780";"8781.62";"9330";"128350";"9689.09";"15120";"85.65"
"2";"control";"58";"0";"4200";"6450";"5836.74";"7850";"10450";"2636.11";"9300";"85.65"
"2";"perio";"58";"0";"0";"0";"1304.28";"0";"109150";"7982.78";"0";"85.65"
"2";"disease";"58";"0";"660";"920";"1640.59";"1120";"32250";"3396.96";"7840";"85.65"
"2";"all";"59";"0";"5380";"7510";"8511.14";"9090";"130650";"9480.41";"14250";"85.77"
"2";"control";"59";"0";"4050";"6250";"5661.35";"7650";"10100";"2575.88";"9100";"85.77"
"2";"perio";"59";"0";"0";"0";"1271.3";"0";"112350";"7822.84";"0";"85.77"
"2";"disease";"59";"0";"640";"900";"1578.48";"1100";"31500";"3271.44";"7420";"85.77"
"2";"all";"60";"0";"5120";"7280";"8177.14";"8810";"121200";"9072.69";"13190";"85.85"
"2";"control";"60";"0";"3900";"6000";"5481.08";"7400";"10100";"2512.59";"8850";"85.85"
"2";"perio";"60";"0";"0";"0";"1188.43";"0";"103350";"7464.37";"0";"85.85"
"2";"disease";"60";"0";"600";"860";"1507.63";"1060";"30750";"3138.08";"6770";"85.85"
"2";"all";"61";"0";"4880";"6990";"7872.33";"8520";"121200";"8785.52";"12540.5";"85.92"
"2";"control";"61";"0";"3700";"5800";"5284.17";"7150";"9700";"2459.08";"8600";"85.92"
"2";"perio";"61";"0";"0";"0";"1135.74";"0";"103500";"7209.12";"0";"85.92"
"2";"disease";"61";"0";"580";"840";"1452.42";"1020";"30000";"3054.14";"6480";"85.92"
"2";"all";"62";"0";"4660";"6720";"7566.58";"8300";"119400";"8403.76";"11690";"86.05"
"2";"control";"62";"0";"3550";"5600";"5107.63";"6950";"9550";"2400.01";"8400";"86.05"
"2";"perio";"62";"0";"0";"0";"1070.89";"0";"102450";"6868.92";"0";"86.05"
"2";"disease";"62";"0";"560";"800";"1388.06";"1000";"29250";"2921.01";"6000";"86.05"
"2";"all";"63";"0";"4510";"6500";"7266.69";"8010";"127450";"8024.94";"10810";"86.22"
"2";"control";"63";"0";"3400";"5400";"4939.52";"6750";"9200";"2341.19";"8200";"86.22"
"2";"perio";"63";"0";"0";"0";"997.8";"0";"110500";"6539.47";"0";"86.22"
"2";"disease";"63";"0";"520";"760";"1329.38";"960";"28500";"2818.64";"5490";"86.22"
"2";"all";"64";"0";"4280";"6260";"6972.2";"7730";"121350";"7671.9";"10230";"86.34"
"2";"control";"64";"0";"3250";"5200";"4761.08";"6500";"8950";"2274.6";"7950";"86.34"
"2";"perio";"64";"0";"0";"0";"938.51";"0";"104850";"6232.89";"0";"86.34"
"2";"disease";"64";"0";"500";"740";"1272.61";"920";"27750";"2717.49";"5180";"86.34"
"2";"all";"65";"0";"3720";"5980";"8026.1";"7650";"114750";"11390.7";"27020.5";"86.52"
"2";"control";"65";"0";"2050";"4650";"4106.99";"6150";"8850";"2525.4";"7650";"86.52"
"2";"perio";"65";"0";"0";"0";"2203.64";"0";"98700";"9571.95";"18450";"86.52"
"2";"disease";"65";"0";"440";"700";"1715.46";"920";"27000";"3672.82";"11100";"86.52"
"2";"all";"66";"0";"3527.5";"5760";"7741.62";"7420";"136650";"11075.41";"26250";"86.69"
"2";"control";"66";"0";"1950";"4450";"3957.05";"5950";"8500";"2454.23";"7450";"86.69"
"2";"perio";"66";"0";"0";"0";"2138.54";"0";"121050";"9304.28";"17550";"86.69"
"2";"disease";"66";"0";"420";"680";"1646.03";"880";"26250";"3541.07";"10650";"86.69"
"2";"all";"67";"0";"3350";"5530";"7402.36";"7140";"112950";"10651.68";"24750";"86.78"
"2";"control";"67";"0";"1800";"4250";"3796.98";"5700";"8250";"2375.18";"7200";"86.78"
"2";"perio";"67";"0";"0";"0";"2035.9";"0";"97800";"8936.98";"16150";"86.78"
"2";"disease";"67";"0";"400";"640";"1569.47";"860";"25500";"3397.35";"10200";"86.78"
"2";"all";"68";"0";"3200";"5300";"7136.62";"6870";"103500";"10323.13";"23850";"86.99"
"2";"control";"68";"0";"1750";"4050";"3658.48";"5500";"8150";"2298.53";"7000";"86.99"
"2";"perio";"68";"0";"0";"0";"1971.5";"0";"88800";"8666.62";"15400";"86.99"
"2";"disease";"68";"0";"380";"620";"1506.64";"820";"24750";"3266.7";"9750";"86.99"
"2";"all";"69";"0";"3000";"5090";"6808.09";"6630";"106500";"9903.72";"22400";"87.14"
"2";"control";"69";"0";"1650";"3900";"3514.36";"5300";"7900";"2222.64";"6800";"87.14"
"2";"perio";"69";"0";"0";"0";"1872.56";"0";"93150";"8319.05";"14100";"87.14"
"2";"disease";"69";"0";"360";"600";"1421.17";"800";"24000";"3097.26";"9300";"87.14"
"2";"all";"70";"0";"2840";"4810";"6468.54";"6410";"101700";"9374.82";"20950";"87.34"
"2";"control";"70";"0";"1550";"3700";"3376.6";"5100";"7550";"2148.07";"6550";"87.34"
"2";"perio";"70";"0";"0";"0";"1744.98";"0";"87900";"7853.19";"12700";"87.34"
"2";"disease";"70";"0";"340";"560";"1346.96";"760";"23250";"2958.1";"8690.5";"87.34"
"2";"all";"71";"0";"2690";"4610";"6242.2";"6130";"109350";"9164.58";"20250";"87.57"
"2";"control";"71";"0";"1500";"3550";"3234.39";"4900";"7300";"2073.63";"6350";"87.57"
"2";"perio";"71";"0";"0";"0";"1718.02";"0";"96000";"7690.03";"12550";"87.57"
"2";"disease";"71";"0";"320";"540";"1289.79";"740";"22500";"2836.76";"8400";"87.57"
"2";"all";"72";"0";"2540";"4380";"5945.32";"5900";"91650";"8765.38";"19300";"87.76"
"2";"control";"72";"0";"1400";"3350";"3091.05";"4700";"7100";"2000.76";"6100";"87.76"
"2";"perio";"72";"0";"0";"0";"1640.3";"0";"81450";"7360.01";"12100";"87.76"
"2";"disease";"72";"0";"300";"520";"1213.97";"720";"21750";"2677";"7610.5";"87.76"
"2";"all";"73";"0";"2340";"4160";"5629.78";"5670";"90450";"8317.31";"18000";"87.98"
"2";"control";"73";"0";"1300";"3200";"2953.62";"4500";"6800";"1922.86";"5900";"87.98"
"2";"perio";"73";"0";"0";"0";"1521.73";"0";"78000";"6959.5";"10050";"87.98"
"2";"disease";"73";"0";"280";"480";"1154.43";"680";"21000";"2569.18";"7500";"87.98"
"2";"all";"74";"0";"2197.5";"3940";"5367.9";"5390";"86700";"7999.2";"17100";"88.22"
"2";"control";"74";"0";"1200";"3000";"2812.04";"4300";"6600";"1852.17";"5700";"88.22"
"2";"perio";"74";"0";"0";"0";"1462.53";"0";"74700";"6703.92";"9702.5";"88.22"
"2";"disease";"74";"0";"260";"460";"1093.32";"640";"20250";"2438.01";"7050";"88.22"
"2";"all";"75";"0";"2050";"3720";"5086.69";"5160";"87900";"7641.52";"15800";"88.41"
"2";"control";"75";"0";"1150";"2850";"2668.02";"4100";"6600";"1776.74";"5500";"88.41"
"2";"perio";"75";"0";"0";"0";"1377.12";"0";"78150";"6396.53";"8250";"88.41"
"2";"disease";"75";"0";"240";"440";"1041.55";"620";"19500";"2347.61";"6600";"88.41"
"2";"all";"76";"0";"1900";"3500";"4806.54";"4900";"79200";"7277.7";"14550";"88.66"
"2";"control";"76";"0";"1050";"2700";"2535.98";"3900";"6150";"1703.22";"5250";"88.66"
"2";"perio";"76";"0";"0";"0";"1304.24";"0";"68100";"6101.7";"7752.5";"88.66"
"2";"disease";"76";"0";"220";"420";"966.32";"600";"18750";"2180.83";"6150";"88.66"
"2";"all";"77";"0";"1810";"3350";"4559.05";"4670";"75600";"6873.81";"14152";"88.99"
"2";"control";"77";"0";"1000";"2550";"2413.7";"3700";"5950";"1635.21";"5050";"88.99"
"2";"perio";"77";"0";"0";"0";"1227.84";"0";"66300";"5753.98";"7350";"88.99"
"2";"disease";"77";"0";"200";"400";"917.51";"560";"18000";"2076.6";"5700";"88.99"
"2";"all";"78";"0";"1610";"3120";"4291.88";"4440";"85950";"6583.17";"12750";"89.23"
"2";"control";"78";"0";"900";"2350";"2274.57";"3500";"5700";"1562.18";"4850";"89.23"
"2";"perio";"78";"0";"0";"0";"1156.68";"0";"75750";"5509.24";"5850";"89.23"
"2";"disease";"78";"0";"200";"360";"860.63";"540";"17250";"1978.67";"5250";"89.23"
"2";"all";"79";"0";"1530";"2910";"4019.72";"4220";"70800";"6191.25";"11621";"89.5"
"2";"control";"79";"0";"900";"2200";"2149.81";"3300";"5500";"1484.27";"4650";"89.5"
"2";"perio";"79";"0";"0";"0";"1069.37";"0";"61050";"5168.82";"4500";"89.5"
"2";"disease";"79";"0";"180";"340";"800.54";"500";"16500";"1846.95";"4800";"89.5"
"2";"all";"80";"0";"1380";"2700";"3760.68";"3940";"72750";"5829.32";"10600";"89.81"
"2";"control";"80";"0";"750";"2050";"2024.47";"3100";"5200";"1416.55";"4450";"89.81"
"2";"perio";"80";"0";"0";"0";"994.8";"0";"63450";"4866.21";"4200";"89.81"
"2";"disease";"80";"0";"160";"320";"741.41";"480";"15750";"1719.33";"4350";"89.81"
"2";"all";"81";"0";"1310";"2520";"3515.8";"3770";"73800";"5464.97";"9750";"90.16"
"2";"control";"81";"0";"750";"1900";"1908.83";"2950";"4950";"1346.46";"4250";"90.16"
"2";"perio";"81";"0";"0";"0";"921.61";"0";"65400";"4562.27";"3600";"90.16"
"2";"disease";"81";"0";"160";"300";"685.36";"440";"15000";"1596.36";"3900";"90.16"
"2";"all";"82";"0";"1170";"2330";"3297.38";"3500";"68100";"5189.81";"9000";"90.49"
"2";"control";"82";"0";"650";"1750";"1781.65";"2750";"4800";"1276.11";"4000";"90.49"
"2";"perio";"82";"0";"0";"0";"873.57";"0";"59700";"4328.81";"3600";"90.49"
"2";"disease";"82";"0";"140";"280";"642.16";"420";"14250";"1508.06";"3770.5";"90.49"
"2";"all";"83";"0";"1090";"2180";"3073.91";"3340";"64350";"4869.84";"8100";"90.87"
"2";"control";"83";"0";"650";"1600";"1666.36";"2600";"4500";"1213.7";"3850";"90.87"
"2";"perio";"83";"0";"0";"0";"807.9";"0";"56400";"4053.17";"3000";"90.87"
"2";"disease";"83";"0";"120";"260";"599.65";"400";"13500";"1420.94";"3450";"90.87"
"2";"all";"84";"0";"1020";"1980";"2860.54";"3070";"57750";"4571.29";"7500";"91.27"
"2";"control";"84";"0";"550";"1500";"1556.68";"2400";"4300";"1143.85";"3650";"91.27"
"2";"perio";"84";"0";"0";"0";"751";"0";"50250";"3803.17";"2100";"91.27"
"2";"disease";"84";"0";"120";"240";"552.87";"380";"12750";"1319.91";"3000";"91.27"
"2";"all";"85";"0";"870";"1820";"2640.44";"2910";"62550";"4250.41";"6760.5";"91.65"
"2";"control";"85";"0";"500";"1350";"1439.32";"2250";"4050";"1079.91";"3400";"91.65"
"2";"perio";"85";"0";"0";"0";"689.13";"0";"55500";"3535.9";"1650";"91.65"
"2";"disease";"85";"0";"100";"220";"511.99";"360";"12000";"1225.48";"3000";"91.65"
"2";"all";"86";"0";"800";"1670";"2457.47";"2690";"58800";"4037.86";"6150";"92.09"
"2";"control";"86";"0";"450";"1250";"1332.29";"2100";"3800";"1012.63";"3200";"92.09"
"2";"perio";"86";"0";"0";"0";"653.81";"0";"52200";"3366.81";"1200";"92.09"
"2";"disease";"86";"0";"80";"200";"471.37";"320";"11250";"1131.07";"2550";"92.09"
"2";"all";"87";"0";"730";"1530";"2266.6";"2480";"52200";"3703.67";"5250";"92.59"
"2";"control";"87";"0";"450";"1150";"1245.07";"1950";"3500";"948.08";"3000";"92.59"
"2";"perio";"87";"0";"0";"0";"589.84";"0";"46050";"3082.87";"1200";"92.59"
"2";"disease";"87";"0";"80";"180";"431.69";"300";"10500";"1042.68";"2200";"92.59"
"2";"all";"88";"0";"650";"1390";"2090.05";"2330";"51300";"3471.48";"5250";"93.07"
"2";"control";"88";"0";"400";"1050";"1144.14";"1800";"3300";"885.73";"2850";"93.07"
"2";"perio";"88";"0";"0";"0";"547.05";"0";"45600";"2890.37";"750";"93.07"
"2";"disease";"88";"0";"80";"160";"398.86";"280";"9750";"974.32";"2100";"93.07"
"2";"all";"89";"0";"580";"1310";"1918.36";"2180";"53250";"3194.63";"4450";"93.59"
"2";"control";"89";"0";"350";"950";"1057.29";"1650";"3050";"824.11";"2600";"93.59"
"2";"perio";"89";"0";"0";"0";"497.36";"0";"48000";"2664.75";"750";"93.59"
"2";"disease";"89";"0";"80";"160";"363.71";"260";"9000";"889.82";"1720.5";"93.59"
"2";"all";"90";"0";"520";"1160";"1752.71";"1970";"42900";"2949";"3750";"94.14"
"2";"control";"90";"0";"250";"900";"971.3";"1550";"2850";"762.75";"2450";"94.14"
"2";"perio";"90";"0";"0";"0";"452.11";"0";"38550";"2465.55";"300";"94.14"
"2";"disease";"90";"0";"60";"140";"329.31";"240";"8250";"811.14";"1650";"94.14"
"2";"all";"91";"0";"510";"1030";"1631.16";"1820";"42900";"2803.06";"3470";"94.73"
"2";"control";"91";"0";"250";"750";"895.76";"1400";"2550";"704.43";"2200";"94.73"
"2";"perio";"91";"0";"0";"0";"429.98";"0";"38550";"2355.62";"300";"94.73"
"2";"disease";"91";"0";"60";"120";"305.42";"220";"7500";"752.09";"1650";"94.73"
"2";"all";"92";"0";"440";"950";"1475.45";"1680";"42000";"2492.54";"3300";"95.33"
"2";"control";"92";"0";"250";"700";"819.75";"1300";"2350";"645.74";"2050";"95.33"
"2";"perio";"92";"0";"0";"0";"380.65";"0";"38100";"2092.02";"300";"95.33"
"2";"disease";"92";"0";"40";"120";"275.05";"200";"6750";"672.2";"1200";"95.33"
"2";"all";"93";"0";"440";"870";"1344.67";"1600";"38250";"2275.8";"2600";"95.97"
"2";"control";"93";"0";"250";"650";"754";"1200";"2100";"587.67";"1800";"95.97"
"2";"perio";"93";"0";"0";"0";"338.58";"0";"34800";"1916.07";"300";"95.97"
"2";"disease";"93";"0";"40";"100";"252.09";"200";"6000";"620.69";"1200";"95.97"
"2";"all";"94";"0";"360";"800";"1219.32";"1460";"28800";"2050.73";"2250.5";"96.62"
"2";"control";"94";"0";"250";"600";"689.46";"1100";"1850";"528.07";"1600";"96.62"
"2";"perio";"94";"0";"0";"0";"306.01";"0";"25800";"1736.45";"300";"96.62"
"2";"disease";"94";"0";"40";"100";"223.85";"180";"5250";"540.33";"1200";"96.62"
"2";"all";"95";"0";"290";"730";"1097.3";"1320";"30750";"1801.7";"2100";"97.31"
"2";"control";"95";"0";"250";"500";"628.67";"1050";"1600";"468.96";"1400";"97.31"
"2";"perio";"95";"0";"0";"0";"266.55";"0";"28200";"1530.88";"300";"97.31"
"2";"disease";"95";"0";"40";"80";"202.08";"160";"4500";"481.34";"750";"97.31"
"2";"all";"96";"0";"290";"730";"990.79";"1170";"27000";"1638.63";"1710";"97.96"
"2";"control";"96";"0";"250";"500";"561.36";"950";"1350";"401.32";"1200";"97.96"
"2";"perio";"96";"0";"0";"0";"248.88";"0";"24900";"1410.8";"300";"97.96"
"2";"disease";"96";"0";"40";"80";"180.55";"140";"3750";"421.14";"750";"97.96"
"2";"all";"97";"0";"290";"600";"859.84";"1020";"23250";"1389.31";"1500";"98.6"
"2";"control";"97";"0";"250";"500";"495.69";"850";"1100";"332.31";"950";"98.6"
"2";"perio";"97";"0";"0";"0";"209.3";"0";"21600";"1214.2";"300";"98.6"
"2";"disease";"97";"0";"40";"80";"154.84";"120";"3000";"350.68";"750";"98.6"
"2";"all";"98";"0";"290";"580";"717.02";"800";"22350";"1117.06";"1400";"99.19"
"2";"control";"98";"0";"250";"450";"417.64";"650";"850";"255.64";"750";"99.19"
"2";"perio";"98";"0";"0";"0";"169.88";"0";"21150";"992.77";"300";"99.19"
"2";"disease";"98";"0";"40";"60";"129.51";"100";"2250";"282.38";"750";"99.19"
"2";"all";"99";"0";"290";"440";"539.33";"580";"15750";"814.41";"750";"99.68"
"2";"control";"99";"0";"200";"400";"320.86";"450";"600";"171.66";"500";"99.68"
"2";"perio";"99";"0";"0";"0";"121.56";"0";"15000";"744.8";"300";"99.68"
"2";"disease";"99";"0";"40";"40";"96.91";"80";"1500";"201.07";"750";"99.68"
"2";"all";"100";"0";"220";"290";"304.2";"290";"6300";"449.5";"600";"100"
"2";"control";"100";"0";"150";"250";"191.01";"250";"300";"87.43";"250";"100"
"2";"perio";"100";"0";"0";"0";"60.41";"0";"6000";"430.42";"300";"100"
"2";"disease";"100";"0";"20";"40";"52.78";"40";"750";"100.44";"300";"100"
"3";"all";"35";"0";"10070";"12490";"15606.48";"14150";"198750";"18290.68";"41250";"84.62"
"3";"control";"35";"0";"7600";"10500";"9283.42";"12050";"15000";"3784.7";"13500";"84.62"
"3";"perio";"35";"0";"0";"0";"3213.77";"0";"169200";"15262.03";"14650";"84.62"
"3";"disease";"35";"0";"1040";"1300";"3109.29";"1500";"49500";"6578.17";"19410";"84.62"
"3";"all";"36";"0";"9840";"12260";"15211.35";"13880";"192300";"17801.3";"39610";"84.62"
"3";"control";"36";"0";"7450";"10300";"9125.45";"11800";"14850";"3713.37";"13250";"84.62"
"3";"perio";"36";"0";"0";"0";"3079.92";"0";"164550";"14833.52";"11500";"84.62"
"3";"disease";"36";"0";"1040";"1280";"3005.98";"1480";"48750";"6410.03";"18850";"84.62"
"3";"all";"37";"0";"9610";"12000";"14895.36";"13610";"181200";"17536.6";"38640.5";"84.65"
"3";"control";"37";"0";"7300";"10100";"8949.55";"11600";"14700";"3654.75";"13050";"84.65"
"3";"perio";"37";"0";"0";"0";"3027.21";"0";"156150";"14628.67";"10600";"84.65"
"3";"disease";"37";"0";"1000";"1240";"2918.59";"1440";"48000";"6237.83";"18200";"84.65"
"3";"all";"38";"0";"9370";"11750";"14466.39";"13370";"195150";"16898.71";"36350";"84.65"
"3";"control";"38";"0";"7100";"9900";"8780.5";"11400";"14450";"3591.54";"12850";"84.65"
"3";"perio";"38";"0";"0";"0";"2848.7";"0";"167400";"14072.37";"6850";"84.65"
"3";"disease";"38";"0";"980";"1220";"2837.18";"1420";"47250";"6087.38";"17630";"84.65"
"3";"all";"39";"0";"9160";"11540";"14161.33";"13150";"183750";"16567.47";"35590.5";"84.7"
"3";"control";"39";"0";"6950";"9700";"8611.73";"11200";"14150";"3531.46";"12600";"84.7"
"3";"perio";"39";"0";"0";"0";"2781.28";"0";"156000";"13788.37";"5550";"84.7"
"3";"disease";"39";"0";"960";"1200";"2768.32";"1400";"46500";"5945.95";"17270";"84.7"
"3";"all";"40";"0";"8920";"11270";"13919.63";"12880";"181050";"16507.51";"34940";"84.71"
"3";"control";"40";"0";"6750";"9500";"8429.47";"11000";"13900";"3479.62";"12400";"84.71"
"3";"perio";"40";"0";"0";"0";"2774.23";"0";"154650";"13762.2";"5200";"84.71"
"3";"disease";"40";"0";"920";"1160";"2715.93";"1360";"45750";"5846.56";"16950";"84.71"
"3";"all";"41";"0";"8750";"11040";"13550.87";"12602.5";"177450";"16009.52";"33050";"84.74"
"3";"control";"41";"0";"6650";"9300";"8275.3";"10750";"13600";"3403.98";"12200";"84.74"
"3";"perio";"41";"0";"0";"0";"2654.7";"0";"152850";"13356.02";"2855";"84.74"
"3";"disease";"41";"0";"900";"1140";"2620.87";"1320";"45000";"5664.89";"16330";"84.74"
"3";"all";"42";"0";"8480";"10810";"13226.18";"12400";"175950";"15674.87";"32120.5";"84.79"
"3";"control";"42";"0";"6450";"9100";"8093.87";"10550";"13500";"3354.4";"12000";"84.79"
"3";"perio";"42";"0";"0";"0";"2574.79";"0";"154950";"13048.12";"1200";"84.79"
"3";"disease";"42";"0";"880";"1120";"2557.52";"1300";"44250";"5558.16";"16030";"84.79"
"3";"all";"43";"0";"8260";"10550";"12889.57";"12140";"165900";"15268.11";"31100";"84.82"
"3";"control";"43";"0";"6300";"8900";"7926.69";"10350";"13250";"3291.66";"11750";"84.82"
"3";"perio";"43";"0";"0";"0";"2487.01";"0";"139950";"12714.95";"0";"84.82"
"3";"disease";"43";"0";"860";"1080";"2475.87";"1280";"43500";"5395.65";"15380";"84.82"
"3";"all";"44";"0";"8040";"10310";"12516.77";"11880";"175800";"14792.67";"29261";"84.81"
"3";"control";"44";"0";"6150";"8700";"7759.82";"10150";"13000";"3219.74";"11550";"84.81"
"3";"perio";"44";"0";"0";"0";"2366.78";"0";"153450";"12303.5";"0";"84.81"
"3";"disease";"44";"0";"840";"1060";"2390.17";"1240";"42750";"5230.18";"14700";"84.81"
"3";"all";"45";"0";"7850";"10090";"12189.08";"11620";"168000";"14403.21";"28170";"84.89"
"3";"control";"45";"0";"6000";"8500";"7594.67";"9900";"12850";"3160.49";"11350";"84.89"
"3";"perio";"45";"0";"0";"0";"2282.76";"0";"143850";"11977.71";"0";"84.89"
"3";"disease";"45";"0";"800";"1040";"2311.65";"1220";"42000";"5075.31";"14100";"84.89"
"3";"all";"46";"0";"7600";"9850";"11859.45";"11400";"168150";"13991.93";"27000";"84.92"
"3";"control";"46";"0";"5800";"8300";"7418.31";"9700";"12650";"3108.49";"11150";"84.92"
"3";"perio";"46";"0";"0";"0";"2191.84";"0";"145350";"11616.53";"0";"84.92"
"3";"disease";"46";"0";"780";"1000";"2249.31";"1200";"41250";"4967.05";"13750";"84.92"
"3";"all";"47";"0";"7380";"9610";"11592.05";"11140";"160020";"13756.34";"26570.5";"84.94"
"3";"control";"47";"0";"5650";"8100";"7237.01";"9500";"12400";"3051.84";"10900";"84.94"
"3";"perio";"47";"0";"0";"0";"2156.55";"0";"136900";"11426.63";"0";"84.94"
"3";"disease";"47";"0";"760";"980";"2198.49";"1160";"40500";"4861.96";"13430";"84.94"
"3";"all";"48";"0";"7170";"9370";"11298.19";"10890";"158550";"13471.71";"25410";"85.02"
"3";"control";"48";"0";"5450";"7900";"7070.3";"9300";"12150";"2991.24";"10700";"85.02"
"3";"perio";"48";"0";"0";"0";"2092.58";"0";"134850";"11192.24";"0";"85.02"
"3";"disease";"48";"0";"740";"960";"2135.32";"1140";"39750";"4738.94";"13020";"85.02"
"3";"all";"49";"0";"6900";"9100";"10850.87";"10660";"160500";"12817.96";"23430";"85"
"3";"control";"49";"0";"5300";"7700";"6901.16";"9100";"12000";"2927.7";"10500";"85"
"3";"perio";"49";"0";"0";"0";"1924.1";"0";"137250";"10616.54";"0";"85"
"3";"disease";"49";"0";"720";"920";"2025.61";"1120";"39000";"4546.9";"12000";"85"
"3";"all";"50";"0";"6720";"8900";"10573.58";"10390";"142500";"12509.58";"22930.5";"85.09"
"3";"control";"50";"0";"5150";"7500";"6723.65";"8900";"11650";"2876.46";"10250";"85.09"
"3";"perio";"50";"0";"0";"0";"1882.16";"0";"120300";"10351.08";"0";"85.09"
"3";"disease";"50";"0";"680";"900";"1967.76";"1080";"38250";"4419.37";"11650";"85.09"
"3";"all";"51";"0";"6490";"8640";"10264.19";"10140";"141600";"12220.92";"21650";"85.14"
"3";"control";"51";"0";"5000";"7300";"6552.83";"8650";"11400";"2811.42";"10050";"85.14"
"3";"perio";"51";"0";"0";"0";"1807.54";"0";"119250";"10122.8";"0";"85.14"
"3";"disease";"51";"0";"660";"880";"1903.83";"1060";"37500";"4288.58";"11180";"85.14"
"3";"all";"52";"0";"6280";"8410";"9953.65";"9920";"141750";"11806.89";"20870";"85.16"
"3";"control";"52";"0";"4800";"7100";"6369.69";"8450";"11250";"2764.02";"9850";"85.16"
"3";"perio";"52";"0";"0";"0";"1735.08";"0";"120750";"9756.64";"0";"85.16"
"3";"disease";"52";"0";"640";"840";"1848.88";"1040";"36750";"4182.99";"10960";"85.16"
"3";"all";"53";"0";"6010";"8180";"9659.27";"9650";"145500";"11596";"19840";"85.23"
"3";"control";"53";"0";"4650";"6900";"6196.21";"8250";"11300";"2708.87";"9600";"85.23"
"3";"perio";"53";"0";"0";"0";"1680.44";"0";"124050";"9584.16";"0";"85.23"
"3";"disease";"53";"0";"600";"820";"1782.61";"1000";"36000";"4063.29";"10470";"85.23"
"3";"all";"54";"0";"5850";"7920";"9345.5";"9390";"147450";"11113.05";"18720";"85.35"
"3";"control";"54";"0";"4500";"6700";"6045.65";"8050";"10900";"2646.23";"9400";"85.35"
"3";"perio";"54";"0";"0";"0";"1589.96";"0";"126450";"9169.46";"0";"85.35"
"3";"disease";"54";"0";"600";"800";"1709.89";"980";"35250";"3911.65";"9780";"85.35"
"3";"all";"55";"0";"5630";"7700";"9052.7";"9150";"138000";"10893.1";"17810";"85.39"
"3";"control";"55";"0";"4350";"6500";"5865.36";"7850";"10500";"2594.05";"9200";"85.39"
"3";"perio";"55";"0";"0";"0";"1530.4";"0";"117450";"8990.45";"0";"85.39"
"3";"disease";"55";"0";"560";"780";"1656.94";"940";"34500";"3828.17";"9330.5";"85.39"
"3";"all";"56";"0";"5420";"7460";"8781.71";"8920";"125700";"10550.36";"17490";"85.48"
"3";"control";"56";"0";"4150";"6300";"5693.44";"7600";"10350";"2538.53";"9000";"85.48"
"3";"perio";"56";"0";"0";"0";"1489.58";"0";"105600";"8698.08";"0";"85.48"
"3";"disease";"56";"0";"540";"760";"1598.69";"920";"33750";"3688.53";"9070";"85.48"
"3";"all";"57";"0";"5250";"7240";"8447.45";"8650";"136300";"10081.86";"16010.5";"85.59"
"3";"control";"57";"0";"4050";"6100";"5534.64";"7400";"10200";"2476.47";"8750";"85.59"
"3";"perio";"57";"0";"0";"0";"1383.24";"0";"116650";"8283.46";"0";"85.59"
"3";"disease";"57";"0";"520";"720";"1529.58";"880";"33000";"3551.58";"8460";"85.59"
"3";"all";"58";"0";"4990";"7010";"8135.12";"8410";"124950";"9762.19";"14980.5";"85.61"
"3";"control";"58";"0";"3850";"5900";"5355.97";"7200";"9850";"2420.09";"8550";"85.61"
"3";"perio";"58";"0";"0";"0";"1318.8";"0";"108750";"8019.49";"0";"85.61"
"3";"disease";"58";"0";"500";"700";"1460.36";"860";"32250";"3417.48";"7930";"85.61"
"3";"all";"59";"0";"4820";"6740";"7842.44";"8190";"125850";"9412.15";"14150";"85.75"
"3";"control";"59";"0";"3700";"5700";"5188";"7000";"9700";"2366.25";"8350";"85.75"
"3";"perio";"59";"0";"0";"0";"1249.06";"0";"107100";"7717.59";"0";"85.75"
"3";"disease";"59";"0";"480";"680";"1405.39";"840";"31500";"3314.09";"7400.5";"85.75"
"3";"all";"60";"0";"4610";"6520";"7558.32";"7910";"127050";"9084.01";"13220";"85.87"
"3";"control";"60";"0";"3550";"5500";"5025.03";"6800";"9400";"2305.7";"8150";"85.87"
"3";"perio";"60";"0";"0";"0";"1186.08";"0";"110550";"7444.22";"0";"85.87"
"3";"disease";"60";"0";"460";"640";"1347.21";"800";"30750";"3188.69";"7050";"85.87"
"3";"all";"61";"0";"4400";"6300";"7300.65";"7690";"121500";"8821.56";"12520";"85.97"
"3";"control";"61";"0";"3400";"5300";"4857.2";"6600";"9200";"2259.13";"7900";"85.97"
"3";"perio";"61";"0";"0";"0";"1149.14";"0";"106350";"7221.49";"0";"85.97"
"3";"disease";"61";"0";"440";"620";"1294.31";"780";"30000";"3090.71";"6660.5";"85.97"
"3";"all";"62";"0";"4227.5";"6060";"7000.03";"7460";"117450";"8438.74";"11850.5";"86.08"
"3";"control";"62";"0";"3250";"5100";"4675.7";"6350";"8900";"2208.5";"7700";"86.08"
"3";"perio";"62";"0";"0";"0";"1076.83";"0";"100050";"6867.02";"0";"86.08"
"3";"disease";"62";"0";"400";"600";"1247.5";"760";"29250";"3014.24";"6270";"86.08"
"3";"all";"63";"0";"3960";"5840";"6697.23";"7180";"125100";"8102.21";"10800";"86.17"
"3";"control";"63";"0";"3050";"4900";"4508.08";"6150";"8800";"2149.29";"7500";"86.17"
"3";"perio";"63";"0";"0";"0";"1006.38";"0";"108150";"6592.8";"0";"86.17"
"3";"disease";"63";"0";"380";"560";"1182.77";"720";"28500";"2886.37";"5720";"86.17"
"3";"all";"64";"0";"3810";"5600";"6450.65";"6960";"112800";"7804.39";"10460";"86.37"
"3";"control";"64";"0";"2950";"4750";"4351.78";"5950";"8600";"2096.43";"7300";"86.37"
"3";"perio";"64";"0";"0";"0";"960.58";"0";"96300";"6333.68";"0";"86.37"
"3";"disease";"64";"0";"360";"560";"1138.29";"700";"27750";"2785.45";"5580";"86.37"
"3";"all";"65";"0";"3340";"5380";"7570.09";"6880";"123300";"11568.79";"27300";"86.5"
"3";"control";"65";"0";"1850";"4250";"3751.02";"5600";"8200";"2316.94";"7000";"86.5"
"3";"perio";"65";"0";"0";"0";"2231.31";"0";"107250";"9675.06";"18600";"86.5"
"3";"disease";"65";"0";"320";"520";"1587.75";"700";"27000";"3716.51";"11100";"86.5"
"3";"all";"66";"0";"3150";"5140";"7294.13";"6650";"119550";"11183.54";"26500";"86.64"
"3";"control";"66";"0";"1750";"4050";"3605.02";"5400";"8050";"2248.24";"6800";"86.64"
"3";"perio";"66";"0";"0";"0";"2153.43";"0";"103950";"9343.32";"18150";"86.64"
"3";"disease";"66";"0";"300";"500";"1535.68";"680";"26250";"3610.97";"10650";"86.64"
"3";"all";"67";"0";"3010";"4970";"6993.83";"6430";"116250";"10732.02";"25500";"86.78"
"3";"control";"67";"0";"1700";"3900";"3480.15";"5250";"7900";"2173.33";"6600";"86.78"
"3";"perio";"67";"0";"0";"0";"2063.95";"0";"101100";"8975.35";"17050";"86.78"
"3";"disease";"67";"0";"280";"480";"1449.72";"640";"25500";"3421.09";"10200";"86.78"
"3";"all";"68";"0";"2850";"4710";"6710.94";"6170";"103500";"10413.11";"24000";"86.97"
"3";"control";"68";"0";"1600";"3700";"3340.74";"5050";"7650";"2107.1";"6400";"86.97"
"3";"perio";"68";"0";"0";"0";"1987.21";"0";"89850";"8705.25";"16050";"86.97"
"3";"disease";"68";"0";"280";"460";"1382.99";"640";"24750";"3281.46";"9750";"86.97"
"3";"all";"69";"0";"2660";"4540";"6420.14";"5990";"99750";"9991.81";"22550";"87.17"
"3";"control";"69";"0";"1500";"3550";"3215.66";"4850";"7500";"2040.21";"6200";"87.17"
"3";"perio";"69";"0";"0";"0";"1888.85";"0";"85500";"8351.98";"14400";"87.17"
"3";"disease";"69";"0";"260";"440";"1315.62";"600";"24000";"3146.67";"9300";"87.17"
"3";"all";"70";"0";"2500";"4320";"6104.38";"5730";"98850";"9518.05";"20900";"87.35"
"3";"control";"70";"0";"1400";"3400";"3080.49";"4650";"7150";"1970.64";"6000";"87.35"
"3";"perio";"70";"0";"0";"0";"1756.87";"0";"85050";"7929.84";"12400";"87.35"
"3";"disease";"70";"0";"240";"420";"1267.02";"580";"23250";"3048.99";"8850";"87.35"
"3";"all";"71";"0";"2350";"4110";"5810.88";"5510";"100800";"9130.47";"19500";"87.54"
"3";"control";"71";"0";"1350";"3250";"2953.18";"4500";"6900";"1904.39";"5800";"87.54"
"3";"perio";"71";"0";"0";"0";"1680.81";"0";"87450";"7618.55";"11550";"87.54"
"3";"disease";"71";"0";"240";"400";"1176.89";"560";"22500";"2857.58";"8400";"87.54"
"3";"all";"72";"0";"2260";"3950";"5613.39";"5300";"95350";"8858.1";"19200";"87.78"
"3";"control";"72";"0";"1250";"3050";"2821.87";"4300";"6750";"1837.81";"5600";"87.78"
"3";"perio";"72";"0";"0";"0";"1648.59";"0";"82900";"7393.92";"11950";"87.78"
"3";"disease";"72";"0";"220";"380";"1142.93";"540";"21750";"2767.16";"7950";"87.78"
"3";"all";"73";"0";"2120";"3740";"5336.56";"5110";"93300";"8451.55";"18201";"87.98"
"3";"control";"73";"0";"1150";"2900";"2691.79";"4100";"6600";"1767.48";"5400";"87.98"
"3";"perio";"73";"0";"0";"0";"1558.09";"0";"80850";"7049.5";"11200";"87.98"
"3";"disease";"73";"0";"200";"360";"1086.67";"520";"21000";"2647.74";"7500";"87.98"
"3";"all";"74";"0";"1980";"3530";"5018.07";"4840";"87000";"7974.26";"16350";"88.21"
"3";"control";"74";"0";"1100";"2750";"2579.41";"3950";"6250";"1698.25";"5250";"88.21"
"3";"perio";"74";"0";"0";"0";"1435.97";"0";"77700";"6656.27";"8700";"88.21"
"3";"disease";"74";"0";"200";"340";"1002.68";"480";"20250";"2470.32";"7050";"88.21"
"3";"all";"75";"0";"1890";"3360";"4787.94";"4670";"94350";"7655.03";"15750";"88.49"
"3";"control";"75";"0";"1050";"2600";"2453.98";"3750";"6100";"1634.26";"5050";"88.49"
"3";"perio";"75";"0";"0";"0";"1378.2";"0";"82800";"6383.58";"8500";"88.49"
"3";"disease";"75";"0";"180";"320";"955.76";"480";"19500";"2372.39";"6600";"88.49"
"3";"all";"76";"0";"1750";"3150";"4531.57";"4400";"87750";"7285.29";"15000";"88.67"
"3";"control";"76";"0";"950";"2450";"2316.67";"3550";"5850";"1562.14";"4800";"88.67"
"3";"perio";"76";"0";"0";"0";"1315.66";"0";"76650";"6081.8";"8350";"88.67"
"3";"disease";"76";"0";"160";"320";"899.24";"440";"18750";"2224.7";"6150";"88.67"
"3";"all";"77";"0";"1610";"2980";"4278.8";"4240";"78300";"6918.41";"13650";"88.97"
"3";"control";"77";"0";"900";"2300";"2207.95";"3400";"5750";"1500.5";"4650";"88.97"
"3";"perio";"77";"0";"0";"0";"1236.05";"0";"67650";"5772.47";"7350";"88.97"
"3";"disease";"77";"0";"160";"280";"834.8";"440";"18000";"2083.17";"5700";"88.97"
"3";"all";"78";"0";"1470";"2780";"3967.38";"3960";"80250";"6426.17";"12450";"89.21"
"3";"control";"78";"0";"850";"2150";"2084.51";"3200";"5450";"1430.73";"4450";"89.21"
"3";"perio";"78";"0";"0";"0";"1111.75";"0";"70050";"5340.84";"5100";"89.21"
"3";"disease";"78";"0";"140";"280";"771.12";"400";"17250";"1956.62";"5250";"89.21"
"3";"all";"79";"0";"1330";"2630";"3784.52";"3800";"79350";"6269.22";"11700";"89.51"
"3";"control";"79";"0";"750";"2000";"1963.8";"3050";"5200";"1366.42";"4250";"89.51"
"3";"perio";"79";"0";"0";"0";"1085.24";"0";"69600";"5227.59";"4950";"89.51"
"3";"disease";"79";"0";"120";"240";"735.48";"380";"16500";"1869.85";"4810.5";"89.51"
"3";"all";"80";"0";"1250";"2430";"3530.6";"3590";"71850";"5824.09";"10650";"89.84"
"3";"control";"80";"0";"700";"1850";"1854.02";"2850";"5050";"1303.27";"4050";"89.84"
"3";"perio";"80";"0";"0";"0";"990.79";"0";"63000";"4841.57";"4050";"89.84"
"3";"disease";"80";"0";"120";"240";"685.8";"360";"15750";"1762.59";"4500";"89.84"
"3";"all";"81";"0";"1170";"2260";"3311.64";"3370";"66150";"5508.59";"9750";"90.16"
"3";"control";"81";"0";"650";"1750";"1740.25";"2700";"4900";"1239.98";"3850";"90.16"
"3";"perio";"81";"0";"0";"0";"939.98";"0";"57300";"4586.18";"4050";"90.16"
"3";"disease";"81";"0";"120";"220";"631.41";"340";"15000";"1621.68";"4150";"90.16"
"3";"all";"82";"0";"1030";"2070";"3093.38";"3210";"65400";"5182.15";"9000";"90.5"
"3";"control";"82";"0";"600";"1600";"1629.52";"2500";"4600";"1175.44";"3700";"90.5"
"3";"perio";"82";"0";"0";"0";"872.85";"0";"58350";"4314.5";"3600";"90.5"
"3";"disease";"82";"0";"100";"200";"591";"320";"14250";"1533.95";"3900";"90.5"
"3";"all";"83";"0";"950";"1910";"2917.12";"2990";"64450";"4974.31";"8850";"90.88"
"3";"control";"83";"0";"550";"1500";"1521.58";"2350";"4400";"1109.91";"3500";"90.88"
"3";"perio";"83";"0";"0";"0";"838.55";"0";"56500";"4139.22";"3600";"90.88"
"3";"disease";"83";"0";"80";"200";"556.98";"300";"13500";"1458.27";"3450";"90.88"
"3";"all";"84";"0";"880";"1760";"2649.3";"2780";"63450";"4505.09";"7200";"91.25"
"3";"control";"84";"0";"500";"1350";"1422.42";"2200";"4050";"1049.51";"3300";"91.25"
"3";"perio";"84";"0";"0";"0";"727.08";"0";"55950";"3738.55";"1200";"91.25"
"3";"disease";"84";"0";"80";"180";"499.8";"280";"12750";"1325.47";"3000";"91.25"
"3";"all";"85";"0";"750";"1620";"2490.1";"2630";"62550";"4315.24";"6900";"91.67"
"3";"control";"85";"0";"450";"1250";"1321.23";"2050";"3850";"987.98";"3100";"91.67"
"3";"perio";"85";"0";"0";"0";"704.87";"0";"55500";"3596.78";"1650";"91.67"
"3";"disease";"85";"0";"80";"160";"464";"280";"12000";"1228.51";"3000";"91.67"
"3";"all";"86";"0";"730";"1470";"2278.85";"2420";"54150";"3918.32";"6150";"92.09"
"3";"control";"86";"0";"400";"1150";"1223.82";"1900";"3600";"929.16";"2950";"92.09"
"3";"perio";"86";"0";"0";"0";"626.62";"0";"48450";"3250.17";"1200";"92.09"
"3";"disease";"86";"0";"60";"160";"428.4";"240";"11250";"1149.68";"2550";"92.09"
"3";"all";"87";"0";"600";"1380";"2122.83";"2260";"52920";"3740.19";"5250";"92.57"
"3";"control";"87";"0";"400";"1050";"1133.59";"1750";"3500";"872.03";"2750";"92.57"
"3";"perio";"87";"0";"0";"0";"595.23";"0";"46900";"3112.21";"750";"92.57"
"3";"disease";"87";"0";"60";"140";"394.01";"240";"10500";"1056.8";"2420";"92.57"
"3";"all";"88";"0";"590";"1250";"1949.94";"2060";"48450";"3455.82";"5100";"93.07"
"3";"control";"88";"0";"350";"950";"1048.64";"1650";"3200";"813.25";"2550";"93.07"
"3";"perio";"88";"0";"0";"0";"540.75";"0";"42750";"2875.4";"750";"93.07"
"3";"disease";"88";"0";"40";"120";"360.54";"220";"9750";"979.43";"2100";"93.07"
"3";"all";"89";"0";"510";"1170";"1794.11";"1910";"47550";"3212.05";"4350";"93.6"
"3";"control";"89";"0";"300";"850";"969.16";"1500";"3000";"757.06";"2400";"93.6"
"3";"perio";"89";"0";"0";"0";"495.93";"0";"42300";"2679.16";"750";"93.6"
"3";"disease";"89";"0";"40";"120";"329.02";"200";"9000";"895.94";"1670";"93.6"
"3";"all";"90";"0";"450";"1030";"1636.53";"1760";"44200";"2948.83";"3750";"94.15"
"3";"control";"90";"0";"250";"800";"891.77";"1400";"2700";"699.94";"2200";"94.15"
"3";"perio";"90";"0";"0";"0";"444.04";"0";"39850";"2459.94";"300";"94.15"
"3";"disease";"90";"0";"40";"100";"300.72";"180";"8250";"824.85";"1650";"94.15"
"3";"all";"91";"0";"440";"950";"1493.08";"1620";"45750";"2662.06";"3450";"94.73"
"3";"control";"91";"0";"250";"700";"820.81";"1300";"2600";"649.54";"2050";"94.73"
"3";"perio";"91";"0";"0";"0";"403.68";"0";"41400";"2221.03";"300";"94.73"
"3";"disease";"91";"0";"40";"80";"268.59";"160";"7500";"735.4";"1500";"94.73"
"3";"all";"92";"0";"440";"880";"1376.55";"1500";"36300";"2504.79";"3200";"95.34"
"3";"control";"92";"0";"250";"650";"754";"1200";"2250";"593.75";"1850";"95.34"
"3";"perio";"92";"0";"0";"0";"374.81";"0";"32400";"2101.32";"300";"95.34"
"3";"disease";"92";"0";"40";"80";"247.74";"160";"6750";"678.48";"1200";"95.34"
"3";"all";"93";"0";"360";"750";"1254.09";"1450";"35400";"2272.67";"2750";"95.97"
"3";"control";"93";"0";"250";"600";"688.71";"1100";"2000";"540.17";"1700";"95.97"
"3";"perio";"93";"0";"0";"0";"341.49";"0";"31950";"1914.53";"300";"95.97"
"3";"disease";"93";"0";"40";"80";"223.89";"140";"6000";"611.33";"1200";"95.97"
"3";"all";"94";"0";"300";"730";"1135.89";"1310";"34500";"2054.02";"2320";"96.63"
"3";"control";"94";"0";"200";"550";"631.52";"1000";"1850";"485.37";"1500";"96.63"
"3";"perio";"94";"0";"0";"0";"303.62";"0";"31500";"1739.49";"300";"96.63"
"3";"disease";"94";"0";"40";"80";"200.74";"120";"5250";"546.84";"1150";"96.63"
"3";"all";"95";"0";"290";"660";"1025.95";"1180";"27900";"1815.71";"2100";"97.3"
"3";"control";"95";"0";"200";"500";"573.65";"950";"1600";"430.18";"1300";"97.3"
"3";"perio";"95";"0";"0";"0";"269.62";"0";"25350";"1541";"300";"97.3"
"3";"disease";"95";"0";"40";"60";"182.68";"120";"4500";"491.27";"750";"97.3"
"3";"all";"96";"0";"290";"590";"919.45";"1030";"27000";"1611.9";"1650";"97.96"
"3";"control";"96";"0";"200";"450";"514.98";"850";"1350";"369.6";"1100";"97.96"
"3";"perio";"96";"0";"0";"0";"241.12";"0";"24900";"1383.92";"300";"97.96"
"3";"disease";"96";"0";"40";"60";"163.35";"120";"3750";"429.94";"750";"97.96"
"3";"all";"97";"0";"290";"590";"805.7";"880";"26100";"1402.25";"1500";"98.6"
"3";"control";"97";"0";"200";"450";"453.88";"750";"1100";"307.11";"900";"98.6"
"3";"perio";"97";"0";"0";"0";"211.5";"0";"24450";"1220.68";"300";"98.6"
"3";"disease";"97";"0";"20";"40";"140.31";"80";"3000";"361.42";"750";"98.6"
"3";"all";"98";"0";"290";"510";"670.67";"730";"16650";"1145.92";"1200";"99.19"
"3";"control";"98";"0";"200";"400";"383.02";"600";"850";"236.63";"700";"99.19"
"3";"perio";"98";"0";"0";"0";"172.76";"0";"15450";"1017.09";"300";"99.19"
"3";"disease";"98";"0";"20";"40";"114.89";"80";"2250";"283.53";"750";"99.19"
"3";"all";"99";"0";"290";"440";"503.2";"510";"13450";"825.46";"750";"99.68"
"3";"control";"99";"0";"200";"350";"294.74";"400";"600";"160.48";"500";"99.68"
"3";"perio";"99";"0";"0";"0";"123.09";"0";"12700";"751.78";"300";"99.68"
"3";"disease";"99";"0";"20";"40";"85.37";"60";"1500";"200.92";"750";"99.68"
"3";"all";"100";"0";"150";"220";"283.79";"290";"6300";"460.75";"600";"100"
"3";"control";"100";"0";"150";"200";"174.98";"250";"300";"84.09";"250";"100"
"3";"perio";"100";"0";"0";"0";"61.81";"0";"6000";"438.18";"300";"100"
"3";"disease";"100";"0";"0";"20";"47";"40";"750";"104.02";"300";"100"
